--
-- Data for Table `ext_contact_person`
--

INSERT INTO `ext_contact_person` (`id`, `date_create`, `date_update`, `id_person_create`, `deleted`, `username`, `password`, `email`, `is_admin`, `active`, `firstname`, `lastname`, `shortname`, `salutation`, `title`, `birthday`) VALUES
(1, 1246615200, 1264780312, 0, 0, 'admin', '5f4dcc3b5aa765d61d8327deb882cf99', 'demo@todoyu.com', 1, 1, 'Adam', 'Admin', 'ALAD', 'm', '', '1966-10-05');

--
-- Data for Table `ext_contact_contactinfotype`
--

INSERT INTO `ext_contact_contactinfotype` (`id`, `deleted`, `category`, `key`, `title`) VALUES
(1, 0, 1, 'email_business', 'LLL:contact.contactinfo.type.email_business'),
(2, 0, 2, 'tel_private', 'LLL:contact.contactinfo.type.tel_private'),
(3, 0, 2, 'tel_exchange', 'LLL:contact.contactinfo.type.tel_exchange'),
(4, 0, 2, 'tel_business', 'LLL:contact.contactinfo.type.tel_business'),
(5, 0, 1, 'email_private', 'LLL:contact.contactinfo.type.email_private'),
(6, 0, 2, 'mobile_business', 'LLL:contact.contactinfo.type.mobile_business'),
(7, 0, 2, 'fax_private', 'LLL:contact.contactinfo.type.fax_private'),
(8, 0, 2, 'fax_business', 'LLL:contact.contactinfo.type.fax_business'),
(9, 0, 2, 'mobile_private', 'LLL:contact.contactinfo.type.mobile_private'),
(10, 0, 2, 'fax_exchange', 'LLL:contact.contactinfo.type.fax_exchange'),
(11, 0, 3, 'website', 'LLL:contact.contactinfo.type.website'),
(12, 0, 3, 'skype', 'LLL:contact.contactinfo.type.skype');

--
-- Data for Table `system_role`
--

INSERT INTO `system_role` (`id`, `date_create`, `date_update`, `id_person_create`, `deleted`, `title`, `is_active`, `description`) VALUES
(1, 1264761659, 0, 1, 0, 'Customers', 1, 'Customers with todoyu access'),
(2, 1264762106, 0, 1, 0, 'Project managers', 1, ''),
(4, 1264762153, 0, 1, 0, 'Workers', 1, 'Executive members of staff');

--
-- Data for Table `system_right`
--

INSERT INTO `system_right` (`id`, `ext`, `right`, `id_role`) VALUES
(109, 103, 'task:remove', 4),
(108, 103, 'task:add', 4),
(107, 103, 'general:use', 4),
(254, 106, 'panelwidgets:staffSelector', 4),
(253, 106, 'general:area', 4),
(251, 105, 'comment:sendAsEmail', 4),
(203, 119, 'task:editOwn', 4),
(202, 119, 'task:editOwn', 2),
(201, 119, 'task:track', 4),
(19, 120, 'general:use', 5),
(20, 120, 'general:usermanager', 5),
(21, 120, 'user:add', 5),
(22, 120, 'user:edit', 5),
(23, 120, 'user:delete', 5),
(24, 120, 'user:assignGroups', 5),
(25, 120, 'group:add', 5),
(26, 120, 'group:edit', 5),
(27, 120, 'group:delete', 5),
(28, 120, 'group:assignUsers', 5),
(29, 100, 'general:use', 5),
(30, 100, 'panelwidgets:adminmodules', 5),
(127, 107, 'daytracks:showHistory', 4),
(125, 107, 'general:use', 4),
(126, 107, 'panelwidgets:daytracks', 4),
(238, 103, 'task:add', 4),
(239, 103, 'task:remove', 4),
(240, 103, 'panelwidgets:taskbookmarks', 4),
(241, 104, 'general:use', 4),
(242, 104, 'general:area', 4),
(40, 118, 'general:extensions', 5),
(41, 118, 'general:allrecords', 5),
(42, 118, 'extensions:info', 5),
(43, 118, 'extensions:config', 5),
(44, 118, 'extensions:rights', 5),
(45, 118, 'extensions:records', 5),
(46, 118, 'extensions:install', 5),
(47, 118, 'extensions:uninstall', 5),
(48, 118, 'extensions:update', 5),
(49, 118, 'extensions:download', 5),
(232, 101, 'asset:seeAll', 4),
(200, 119, 'task:track', 2),
(199, 119, 'general:use', 4),
(198, 119, 'general:use', 2),
(196, 126, 'settings:password', 1),
(195, 126, 'general:use', 1),
(252, 106, 'general:use', 4),
(249, 105, 'comment:editOwn', 4),
(247, 105, 'general:use', 4),
(246, 104, 'event:editAndDeleteAssigned', 4),
(248, 105, 'comment:seeAll', 4),
(192, 105, 'comment:sendAsEmail', 1),
(194, 111, 'general:use', 1),
(236, 103, 'panelwidgets:taskbookmarks', 1),
(235, 103, 'task:remove', 1),
(197, 115, 'general:use', 1),
(234, 103, 'task:add', 1),
(231, 101, 'general:use', 4),
(230, 126, 'settings:password', 1),
(229, 126, 'general:use', 1),
(228, 106, 'general:use', 1),
(220, 101, 'general:use', 2),
(221, 101, 'asset:seeAll', 2),
(222, 101, 'asset:delete', 2),
(223, 101, 'general:use', 1),
(224, 104, 'general:use', 1),
(225, 105, 'general:use', 1),
(226, 105, 'comment:requestFeedback', 1),
(227, 105, 'comment:sendAsEmail', 1),
(250, 105, 'comment:requestFeedback', 4),
(233, 103, 'general:use', 1),
(110, 103, 'panelwidgets:taskbookmarks', 4),
(245, 104, 'event:assignOthers', 4),
(244, 104, 'event:add', 4),
(243, 104, 'event:seeAll', 4),
(189, 104, 'general:use', 1),
(191, 105, 'comment:requestFeedback', 1),
(190, 105, 'general:use', 1),
(237, 103, 'general:use', 4),
(193, 106, 'general:use', 1),
(178, 112, 'projectstatus:warranty:see', 1),
(177, 112, 'projectstatus:cleared:see', 1),
(176, 112, 'projectstatus:done:see', 1),
(175, 112, 'projectstatus:progress:see', 1),
(174, 112, 'taskstatus:customer:see', 1),
(173, 112, 'taskstatus:cleared:see', 1),
(172, 112, 'taskstatus:accepted:see', 1),
(171, 112, 'taskstatus:done:see', 1),
(170, 112, 'task:addInOwnProjects', 1),
(169, 112, 'project:seeOwn', 1),
(168, 112, 'general:area', 1),
(167, 112, 'general:use', 1),
(255, 111, 'general:use', 4),
(256, 126, 'general:use', 4),
(257, 126, 'settings:password', 4),
(258, 103, 'general:use', 2),
(259, 103, 'general:use', 4),
(260, 103, 'general:use', 1),
(261, 103, 'task:add', 2),
(262, 103, 'task:add', 4),
(263, 103, 'task:remove', 2),
(264, 103, 'task:remove', 4),
(265, 103, 'panelwidgets:taskbookmarks', 2),
(266, 103, 'panelwidgets:taskbookmarks', 4),
(267, 104, 'general:use', 2),
(268, 104, 'general:use', 4),
(269, 104, 'general:use', 1),
(270, 104, 'general:area', 2),
(271, 104, 'general:area', 4),
(272, 104, 'event:seeAll', 2),
(273, 104, 'event:seeAll', 4),
(274, 104, 'event:add', 2),
(275, 104, 'event:add', 4),
(276, 104, 'event:assignOthers', 2),
(277, 104, 'event:assignOthers', 4),
(278, 104, 'event:editAndDeleteAssigned', 2),
(279, 104, 'event:editAndDeleteAssigned', 4),
(280, 104, 'event:editAndDeleteAll', 2),
(281, 105, 'general:use', 2),
(282, 105, 'general:use', 4),
(283, 105, 'general:use', 1),
(284, 105, 'comment:seeAll', 2),
(285, 105, 'comment:seeAll', 4),
(286, 105, 'comment:editOwn', 2),
(287, 105, 'comment:editOwn', 4),
(288, 105, 'comment:requestFeedback', 2),
(289, 105, 'comment:requestFeedback', 4),
(290, 105, 'comment:requestFeedback', 1),
(291, 105, 'comment:sendAsEmail', 2),
(292, 105, 'comment:sendAsEmail', 4),
(293, 105, 'comment:sendAsEmail', 1),
(294, 106, 'general:use', 2),
(295, 106, 'general:use', 4),
(296, 106, 'general:use', 1),
(297, 106, 'general:area', 2),
(298, 106, 'general:area', 4),
(299, 106, 'person:add', 2),
(300, 106, 'person:editAndDelete', 2),
(301, 106, 'person:enableLogin', 2),
(302, 106, 'company:add', 2),
(303, 106, 'company:editAndDelete', 2),
(304, 106, 'panelwidgets:staffSelector', 2),
(305, 106, 'panelwidgets:staffSelector', 4),
(306, 107, 'general:use', 2),
(307, 107, 'general:use', 4),
(308, 107, 'panelwidgets:daytracks', 2),
(309, 107, 'panelwidgets:daytracks', 4),
(310, 107, 'daytracks:showHistory', 2),
(311, 107, 'daytracks:showHistory', 4),
(312, 111, 'general:use', 2),
(313, 111, 'general:use', 4),
(314, 111, 'general:use', 1),
(315, 126, 'general:use', 2),
(316, 126, 'general:use', 4),
(317, 126, 'general:use', 1),
(318, 126, 'settings:password', 2),
(319, 126, 'settings:password', 4),
(320, 126, 'settings:password', 1),
(321, 126, 'general:use', 2),
(322, 126, 'general:use', 4),
(323, 126, 'general:use', 1),
(324, 126, 'settings:password', 2),
(325, 126, 'settings:password', 4),
(326, 126, 'settings:password', 1),
(327, 112, 'general:use', 2),
(328, 112, 'general:use', 4),
(329, 112, 'general:use', 1),
(330, 112, 'general:area', 2),
(331, 112, 'general:area', 4),
(332, 112, 'general:area', 1),
(333, 112, 'project:add', 2),
(334, 112, 'project:seeOwn', 2),
(335, 112, 'project:seeOwn', 4),
(336, 112, 'project:seeOwn', 1),
(337, 112, 'project:seeAll', 2),
(338, 112, 'project:seeAll', 4),
(339, 112, 'project:editAndDelete', 2),
(340, 112, 'task:seeAll', 2),
(341, 112, 'task:seeAll', 4),
(342, 112, 'task:addViaQuickCreateHeadlet', 2),
(343, 112, 'task:addViaQuickCreateHeadlet', 4),
(344, 112, 'task:addInOwnProjects', 2),
(345, 112, 'task:addInOwnProjects', 4),
(346, 112, 'task:addInOwnProjects', 1),
(347, 112, 'task:addInAllProjects', 2),
(348, 112, 'task:editAndDeleteInOwnProjects', 2),
(349, 112, 'task:editAndDeleteInOwnProjects', 4),
(350, 112, 'task:editAndDeleteInAllProjects', 2),
(351, 112, 'task:editDateStart', 2),
(352, 112, 'task:editDateStart', 4),
(353, 112, 'task:editDateEnd', 2),
(354, 112, 'task:editDateEnd', 4),
(355, 112, 'task:editDeadline', 2),
(356, 112, 'task:editDeadline', 4),
(357, 112, 'task:editPersonAssigned', 2),
(358, 112, 'task:editPersonAssigned', 4),
(359, 112, 'task:editPersonOwner', 2),
(360, 112, 'task:editWorktype', 2),
(361, 112, 'task:editWorktype', 4),
(362, 112, 'task:editEstimatedWorkload', 2),
(363, 112, 'task:editIsPublic', 2),
(364, 112, 'taskstatus:planning:see', 2),
(365, 112, 'taskstatus:open:see', 2),
(366, 112, 'taskstatus:open:see', 4),
(367, 112, 'taskstatus:progress:see', 2),
(368, 112, 'taskstatus:progress:see', 4),
(369, 112, 'taskstatus:confirm:see', 2),
(370, 112, 'taskstatus:confirm:see', 4),
(371, 112, 'taskstatus:done:see', 2),
(372, 112, 'taskstatus:done:see', 4),
(373, 112, 'taskstatus:done:see', 1),
(374, 112, 'taskstatus:accepted:see', 2),
(375, 112, 'taskstatus:accepted:see', 4),
(376, 112, 'taskstatus:accepted:see', 1),
(377, 112, 'taskstatus:rejected:see', 2),
(378, 112, 'taskstatus:rejected:see', 4),
(379, 112, 'taskstatus:cleared:see', 2),
(380, 112, 'taskstatus:cleared:see', 1),
(381, 112, 'taskstatus:customer:see', 2),
(382, 112, 'taskstatus:customer:see', 1),
(383, 112, 'taskstatus:planning:changeto', 2),
(384, 112, 'taskstatus:open:changeto', 2),
(385, 112, 'taskstatus:open:changeto', 4),
(386, 112, 'taskstatus:progress:changeto', 2),
(387, 112, 'taskstatus:progress:changeto', 4),
(388, 112, 'taskstatus:confirm:changeto', 2),
(389, 112, 'taskstatus:confirm:changeto', 4),
(390, 112, 'taskstatus:done:changeto', 2),
(391, 112, 'taskstatus:accepted:changeto', 2),
(392, 112, 'taskstatus:rejected:changeto', 2),
(393, 112, 'taskstatus:rejected:changeto', 4),
(394, 112, 'taskstatus:cleared:changeto', 2),
(395, 112, 'taskstatus:planning:edit', 2),
(396, 112, 'taskstatus:open:edit', 2),
(397, 112, 'taskstatus:open:edit', 4),
(398, 112, 'taskstatus:progress:edit', 2),
(399, 112, 'taskstatus:progress:edit', 4),
(400, 112, 'taskstatus:confirm:edit', 2),
(401, 112, 'taskstatus:confirm:edit', 4),
(402, 112, 'taskstatus:done:edit', 2),
(403, 112, 'taskstatus:accepted:edit', 2),
(404, 112, 'taskstatus:rejected:edit', 2),
(405, 112, 'taskstatus:rejected:edit', 4),
(406, 112, 'taskstatus:cleared:edit', 2),
(407, 112, 'taskstatus:customer:edit', 2),
(408, 112, 'projectstatus:planning:see', 2),
(409, 112, 'projectstatus:progress:see', 2),
(410, 112, 'projectstatus:progress:see', 4),
(411, 112, 'projectstatus:progress:see', 1),
(412, 112, 'projectstatus:done:see', 2),
(413, 112, 'projectstatus:done:see', 1),
(414, 112, 'projectstatus:cleared:see', 2),
(415, 112, 'projectstatus:cleared:see', 1),
(416, 112, 'projectstatus:warranty:see', 2),
(417, 112, 'projectstatus:warranty:see', 4),
(418, 112, 'projectstatus:warranty:see', 1),
(419, 115, 'general:use', 2),
(420, 115, 'general:use', 4),
(421, 115, 'general:use', 1),
(422, 115, 'general:area', 2),
(423, 115, 'general:area', 4),
(424, 115, 'filtersets:save', 2),
(425, 115, 'filtersets:save', 4),
(426, 115, 'filtersets:deleteAll', 2),
(427, 115, 'filtersets:hideAll', 2),
(428, 115, 'filtersets:renameAll', 2),
(429, 119, 'general:use', 2),
(430, 119, 'general:use', 4),
(431, 119, 'task:track', 2),
(432, 119, 'task:track', 4),
(433, 119, 'task:editOwn', 2),
(434, 119, 'task:editOwn', 4);
