--
-- Data for Table `ext_contact_person`
--

INSERT INTO `ext_contact_person` (`id`, `date_create`, `date_update`, `id_person_create`, `deleted`, `username`, `password`, `email`, `is_admin`, `is_active`, `firstname`, `lastname`, `shortname`, `salutation`, `title`, `birthday`) VALUES
(1, 1246615200, 1264780312, 0, 0, 'admin', '5f4dcc3b5aa765d61d8327deb882cf99', 'demo@todoyu.com', 1, 1, 'Adam', 'Admin', 'ALAD', 'm', '', '0000-00-00');

-- --------------------------------------------------------

--
-- Data for Table `ext_contact_company`
--

INSERT INTO `ext_contact_company` (`id`, `date_create`, `date_update`, `id_person_create`, `deleted`, `title`, `shortname`, `date_enter`, `is_internal`) VALUES
(1, 1264696524, 1269509610, 1, 0, 'snowflake productions GmbH ', 'sfp', 1259622000, 1);

-- --------------------------------------------------------

--
-- Data for Table `ext_contact_mm_company_person`
--

INSERT INTO `ext_contact_mm_company_person` (`id`, `id_company`, `id_person`, `id_workaddress`, `id_jobtype`) VALUES
(1, 1, 1, 0, 0);

-- --------------------------------------------------------

--
-- Data for Table `ext_contact_contactinfotype`
--

INSERT INTO `ext_contact_contactinfotype` (`id`, `date_create`, `date_update`, `id_person_create`, `deleted`, `category`, `key`, `title`, `is_public`) VALUES
(1, 0, 0, 0, 0, 1, 'email_business', 'LLL:contact.ext.contactinfo.type.email_business', 1),
(2, 0, 0, 0, 0, 2, 'tel_private', 'LLL:contact.ext.contactinfo.type.tel_private', 0),
(3, 0, 0, 0, 0, 2, 'tel_exchange', 'LLL:contact.ext.contactinfo.type.tel_exchange', 1),
(4, 0, 0, 0, 0, 2, 'tel_business', 'LLL:contact.ext.contactinfo.type.tel_business', 1),
(5, 0, 0, 0, 0, 1, 'email_private', 'LLL:contact.ext.contactinfo.type.email_private', 0),
(6, 0, 0, 0, 0, 2, 'mobile_business', 'LLL:contact.ext.contactinfo.type.mobile_business', 1),
(7, 0, 0, 0, 0, 2, 'fax_private', 'LLL:contact.ext.contactinfo.type.fax_private', 0),
(8, 0, 0, 0, 0, 2, 'fax_business', 'LLL:contact.ext.contactinfo.type.fax_business', 1),
(9, 0, 0, 0, 0, 2, 'mobile_private', 'LLL:contact.ext.contactinfo.type.mobile_private', 0),
(10, 0, 0, 0, 0, 2, 'fax_exchange', 'LLL:contact.ext.contactinfo.type.fax_exchange', 1),
(11, 0, 0, 0, 0, 3, 'website', 'LLL:contact.ext.contactinfo.type.website', 1),
(12, 0, 0, 0, 0, 3, 'skype', 'LLL:contact.ext.contactinfo.type.skype', 0);

-- --------------------------------------------------------

--
-- Data for Table `system_role`
--

INSERT INTO `system_role` (`id`, `date_create`, `date_update`, `id_person_create`, `deleted`, `title`, `is_active`, `description`) VALUES
(1, 1264761659, 0, 1, 0, 'Customers', 1, 'Customers with todoyu access'),
(2, 1264762106, 0, 1, 0, 'Project Managers', 1, ''),
(3, 1264762153, 0, 1, 0, 'Staff', 1, 'Executive members of staff');

-- --------------------------------------------------------

--
-- Data for Table `system_right`
--

INSERT INTO `system_right` (`id`, `ext`, `right`, `id_role`) VALUES
(1, 106, 'person:editAndDeleteAll', 2),
(2, 119, 'task:track', 2),
(3, 104, 'event:deleteAssigned', 3),
(4, 112, 'edittaskdetail:planning:changeto', 1),
(5, 112, 'edittask:useTaskAndContainerClipboard', 1),
(6, 112, 'edittaskdetail:editDateStart', 3),
(7, 101, 'general:use', 2),
(8, 119, 'task:editOwn', 2),
(9, 105, 'comment:sendAsEmail', 3),
(10, 111, 'general:use', 3),
(11, 101, 'asset:seeAll', 2),
(12, 106, 'relation:seeHomeAddress', 2),
(13, 101, 'asset:delete', 2),
(14, 101, 'general:use', 3),
(15, 104, 'event:editAssigned', 2),
(16, 112, 'edittask:useTaskAndContainerClipboard', 2),
(17, 103, 'general:use', 3),
(18, 103, 'general:use', 2),
(19, 103, 'general:use', 1),
(20, 104, 'event:editAll', 2),
(21, 104, 'event:editAll', 3),
(22, 104, 'event:editAssigned', 3),
(23, 105, 'comment:requestFeedback', 1),
(24, 105, 'comment:requestFeedback', 2),
(25, 106, 'company:editComment', 3),
(26, 106, 'person:add', 2),
(27, 106, 'person:editAndDeleteAll', 3),
(28, 107, 'daytracks:timeExportAllPerson', 2),
(29, 111, 'general:use', 2),
(30, 111, 'general:use', 1),
(31, 126, 'settings:password', 2),
(32, 112, 'edittaskdetail:planning:changeto', 2),
(33, 126, 'general:use', 3),
(34, 126, 'general:use', 1),
(35, 126, 'settings:password', 3),
(36, 126, 'general:use', 2),
(37, 126, 'settings:password', 1),
(38, 112, 'edittask:useTaskAndContainerClipboard', 3),
(39, 112, 'edittask:cleared:edit', 3),
(40, 112, 'edittask:cleared:edit', 2),
(41, 112, 'edittask:accepted:edit', 2),
(42, 112, 'edittask:rejected:edit', 3),
(43, 112, 'edittask:rejected:edit', 2),
(44, 112, 'edittask:confirm:edit', 3),
(45, 112, 'edittask:confirm:edit', 2),
(46, 112, 'edittask:done:edit', 3),
(47, 112, 'edittask:done:edit', 2),
(48, 112, 'edittask:accepted:edit', 3),
(49, 112, 'edittask:progress:edit', 2),
(50, 115, 'general:area', 3),
(51, 115, 'filtersets:save', 2),
(52, 115, 'general:area', 1),
(53, 115, 'general:area', 2),
(54, 115, 'general:use', 3),
(55, 115, 'general:use', 1),
(56, 115, 'general:use', 2),
(57, 119, 'task:track', 3),
(58, 119, 'task:editOwn', 3),
(59, 112, 'edittaskdetail:planning:changeto', 3),
(60, 112, 'edittask:open:edit', 3),
(61, 112, 'edittask:open:edit', 2),
(62, 112, 'edittask:progress:edit', 3),
(63, 112, 'edittask:planning:edit', 2),
(64, 112, 'edittask:planning:edit', 3),
(65, 101, 'asset:seeAll', 3),
(66, 101, 'general:use', 1),
(67, 104, 'event:seeAll', 2),
(68, 104, 'event:add', 3),
(69, 104, 'event:add', 2),
(70, 105, 'comment:editOwn', 2),
(71, 105, 'comment:editOwn', 1),
(72, 105, 'comment:requestFeedback', 3),
(73, 105, 'comment:editOwn', 3),
(74, 106, 'company:seeComment', 2),
(75, 106, 'person:seeAllPersons', 2),
(76, 106, 'person:add', 3),
(77, 106, 'person:seeAllPersons', 3),
(78, 107, 'daytracks:timeExportAllEmployer', 2),
(79, 107, 'daytracks:timeExport', 2),
(80, 112, 'edittaskdetail:cleared:changefrom', 2),
(81, 112, 'edittaskdetail:cleared:changefrom', 3),
(82, 112, 'edittaskdetail:progress:changefrom', 3),
(83, 112, 'edittask:editContainerInAllProjects', 2),
(84, 112, 'edittask:editContainerInOwnProjects', 2),
(85, 112, 'edittask:editContainerInAllProjects', 3),
(86, 112, 'edittask:editOwnContainers', 2),
(87, 112, 'edittask:editContainerInOwnProjects', 3),
(88, 112, 'edittask:editTaskInAllProjects', 2),
(89, 112, 'edittask:editOwnContainers', 3),
(90, 112, 'edittask:editTaskInAllProjects', 3),
(91, 112, 'edittask:editTaskInOwnProjects', 1),
(92, 112, 'edittask:editOwnTasks', 1),
(93, 112, 'edittask:editTaskInOwnProjects', 3),
(94, 112, 'edittask:editTaskInOwnProjects', 2),
(95, 112, 'addtask:cleared:create', 2),
(96, 112, 'edittask:editOwnTasks', 3),
(97, 112, 'edittask:editOwnTasks', 2),
(98, 112, 'addtask:rejected:create', 2),
(99, 112, 'addtask:cleared:create', 3),
(100, 112, 'addtask:accepted:create', 2),
(101, 112, 'addtask:rejected:create', 3),
(102, 113, 'statuschange:firstreminder', 3),
(103, 113, 'statuschange:invoiced', 3),
(104, 113, 'statussee:paid', 3),
(105, 113, 'statussee:canceled', 3),
(106, 113, 'statussee:depreciated', 3),
(107, 113, 'statussee:encashment', 3),
(108, 113, 'statussee:thirdreminder', 3),
(109, 113, 'statussee:finalreminder', 3),
(110, 113, 'statussee:secondreminder', 3),
(111, 113, 'statussee:firstreminder', 3),
(112, 115, 'filtersets:save', 1),
(113, 115, 'filtersets:save', 3),
(114, 115, 'filtersets:deleteAll', 2),
(115, 115, 'filtersets:deleteAll', 1),
(116, 115, 'filtersets:deleteAll', 3),
(117, 115, 'filtersets:hideAll', 2),
(118, 115, 'filtersets:hideAll', 1),
(119, 115, 'filtersets:hideAll', 3),
(120, 115, 'filtersets:renameAll', 2),
(121, 115, 'filtersets:renameAll', 1),
(122, 115, 'filtersets:renameAll', 3),
(123, 119, 'general:use', 2),
(124, 119, 'general:use', 3),
(125, 112, 'edittaskdetail:open:changefrom', 1),
(126, 112, 'addtask:done:create', 3),
(127, 112, 'addtask:done:create', 2),
(128, 112, 'addtask:accepted:create', 3),
(129, 112, 'edittaskdetail:rejected:changefrom', 1),
(130, 112, 'addtask:confirm:create', 2),
(131, 112, 'addtask:confirm:create', 1),
(132, 112, 'addtask:progress:create', 2),
(133, 112, 'addtask:confirm:create', 3),
(134, 112, 'addtask:open:create', 1),
(135, 112, 'addtask:progress:create', 3),
(136, 112, 'addtask:open:create', 3),
(137, 112, 'addtask:open:create', 2),
(138, 104, 'event:seeAll', 3),
(139, 112, 'addtask:planning:create', 3),
(140, 112, 'addtask:planning:create', 2),
(141, 112, 'addtask:planning:create', 1),
(142, 101, 'asset:delete', 3),
(143, 105, 'comment:seeAll', 3),
(144, 105, 'comment:seeAll', 2),
(145, 112, 'edittaskdetail:open:changefrom', 2),
(146, 112, 'addtask:addContainerInAllProjects', 3),
(147, 112, 'addtask:addContainerInAllProjects', 2),
(148, 112, 'addtask:addContainerInOwnProjects', 2),
(149, 112, 'addtask:addContainerInOwnProjects', 1),
(150, 112, 'addtask:addContainerInOwnProjects', 3),
(151, 112, 'addtask:addTaskInAllProjects', 2),
(152, 112, 'addtask:addViaQuickCreateHeadlet', 1),
(153, 112, 'addtask:addTaskInAllProjects', 3),
(154, 112, 'addtask:addViaQuickCreateHeadlet', 2),
(155, 112, 'edittaskdetail:open:changefrom', 3),
(156, 112, 'addtask:addViaQuickCreateHeadlet', 3),
(157, 112, 'addtask:addTaskInOwnProjects', 2),
(158, 112, 'addtask:addTaskInOwnProjects', 1),
(159, 112, 'addtask:addTaskInOwnProjects', 3),
(160, 112, 'seetask:rejected:see', 1),
(161, 112, 'seetask:cleared:see', 3),
(162, 112, 'seetask:cleared:see', 2),
(163, 112, 'seetask:cleared:see', 1),
(164, 112, 'seetask:rejected:see', 2),
(165, 112, 'seetask:accepted:see', 2),
(166, 112, 'seetask:accepted:see', 1),
(167, 112, 'seetask:rejected:see', 3),
(168, 112, 'seetask:done:see', 2),
(169, 112, 'seetask:done:see', 1),
(170, 112, 'seetask:accepted:see', 3),
(171, 112, 'edittaskdetail:planning:changefrom', 1),
(172, 112, 'edittaskdetail:planning:changefrom', 2),
(173, 112, 'seetask:confirm:see', 2),
(174, 112, 'seetask:confirm:see', 1),
(175, 112, 'seetask:done:see', 3),
(176, 112, 'seetask:progress:see', 2),
(177, 112, 'seetask:progress:see', 1),
(178, 112, 'seetask:confirm:see', 3),
(179, 112, 'edittaskdetail:rejected:changefrom', 2),
(180, 112, 'seetask:open:see', 1),
(181, 112, 'seetask:progress:see', 3),
(182, 112, 'seetask:planning:see', 1),
(183, 112, 'seetask:open:see', 3),
(184, 112, 'seetask:open:see', 2),
(185, 112, 'seetask:planning:see', 2),
(186, 112, 'edittaskdetail:planning:changefrom', 3),
(187, 112, 'seetask:seeAll', 2),
(188, 112, 'seetask:planning:see', 3),
(189, 112, 'seetask:seeAll', 3),
(190, 113, 'statussee:invoiced', 3),
(191, 113, 'statussee:approved', 3),
(192, 113, 'statussee:provisional', 3),
(193, 131, 'general:use', 2),
(194, 132, 'general:use', 2),
(195, 112, 'edittaskdetail:editIsPublic', 2),
(196, 113, 'task:infos', 3),
(197, 113, 'task:icons', 3),
(198, 113, 'project:documents', 3),
(199, 113, 'project:infos', 3),
(200, 113, 'project:approvalroles', 3),
(201, 113, 'tab:invoices', 3),
(202, 113, 'tab:billing', 3),
(203, 113, 'general:area', 3),
(204, 113, 'general:use', 3),
(205, 113, 'statuschange:canceled', 3),
(206, 113, 'workflow:approve', 3),
(207, 113, 'workflow:reopen', 3),
(208, 113, 'workflow:download', 3),
(209, 132, 'general:use', 3),
(210, 112, 'edittaskdetail:rejected:changefrom', 3),
(211, 112, 'edittaskdetail:accepted:changefrom', 1),
(212, 119, 'task:editAllChargeable', 2),
(213, 119, 'task:editOwnChargeable', 2),
(214, 106, 'relation:seeHomeAddress', 3),
(215, 112, 'edittaskdetail:accepted:changefrom', 2),
(216, 106, 'relation:seeAllContactinfotypes', 1),
(217, 104, 'event:deleteAll', 2),
(218, 104, 'event:deleteAll', 3),
(219, 112, 'edittaskdetail:accepted:changefrom', 3),
(220, 112, 'edittaskdetail:done:changefrom', 1),
(221, 106, 'relation:seeAllContactinfotypes', 2),
(222, 112, 'edittaskdetail:editIsPublic', 3),
(223, 112, 'project:editAndDelete', 2),
(224, 112, 'project:editAndDelete', 3),
(225, 112, 'edittaskdetail:editEstimatedWorkload', 2),
(226, 112, 'edittaskdetail:editEstimatedWorkload', 3),
(227, 112, 'edittaskdetail:done:changefrom', 2),
(228, 112, 'edittaskdetail:done:changefrom', 3),
(229, 112, 'project:add', 2),
(230, 112, 'project:add', 3),
(231, 112, 'project:warranty:see', 1),
(232, 112, 'project:warranty:see', 2),
(233, 106, 'relation:seeAllContactinfotypes', 3),
(234, 106, 'company:editComment', 2),
(235, 106, 'company:seeComment', 3),
(236, 106, 'company:editAndDeleteAll', 2),
(237, 106, 'person:seeAllInternalPersons', 1),
(238, 105, 'comment:deleteOwn', 2),
(239, 105, 'comment:makePublic', 3),
(240, 105, 'comment:makePublic', 2),
(241, 112, 'edittaskdetail:confirm:changefrom', 1),
(242, 112, 'edittaskdetail:confirm:changefrom', 2),
(243, 112, 'edittaskdetail:confirm:changefrom', 3),
(244, 112, 'edittaskdetail:progress:changefrom', 1),
(245, 112, 'edittaskdetail:progress:changefrom', 2),
(246, 104, 'event:deleteAssigned', 2),
(247, 106, 'company:editOwn', 1),
(248, 106, 'company:editOwn', 2),
(249, 106, 'company:editOwn', 3),
(250, 106, 'company:add', 2),
(251, 106, 'company:add', 3),
(252, 106, 'company:seeAllCompanies', 2),
(253, 106, 'company:seeAllCompanies', 3),
(254, 106, 'person:editComment', 2),
(255, 106, 'person:editComment', 3),
(256, 106, 'person:seeComment', 2),
(257, 106, 'person:seeComment', 3),
(258, 106, 'person:enableLogin', 2),
(259, 112, 'edittaskdetail:editActivity', 2),
(260, 112, 'edittaskdetail:editActivity', 3),
(261, 112, 'edittaskdetail:editPersonOwner', 2),
(262, 112, 'edittaskdetail:editPersonOwner', 3),
(263, 112, 'edittaskdetail:editPersonAssigned', 2),
(264, 112, 'edittaskdetail:editPersonAssigned', 3),
(265, 112, 'edittaskdetail:editDeadline', 1),
(266, 112, 'edittaskdetail:editDeadline', 2),
(267, 112, 'edittaskdetail:editDeadline', 3),
(268, 112, 'edittaskdetail:editDateEnd', 1),
(269, 112, 'edittaskdetail:editDateEnd', 2),
(270, 112, 'edittaskdetail:editDateEnd', 3),
(271, 112, 'edittaskdetail:editDateStart', 1),
(272, 112, 'edittaskdetail:editDateStart', 2),
(273, 104, 'general:area', 2),
(274, 104, 'general:area', 3),
(275, 104, 'general:use', 2),
(276, 106, 'person:seeAllInternalPersons', 2),
(277, 106, 'person:seeAllInternalPersons', 3),
(278, 106, 'general:area', 1),
(279, 106, 'general:area', 2),
(280, 106, 'general:area', 3),
(281, 106, 'general:profile', 1),
(282, 106, 'general:profile', 2),
(283, 106, 'general:profile', 3),
(284, 106, 'general:use', 1),
(285, 106, 'general:use', 2),
(286, 106, 'general:use', 3),
(287, 107, 'daytracks:timeExport', 3),
(288, 107, 'general:use', 2),
(289, 107, 'general:use', 3),
(290, 112, 'project:warranty:see', 3),
(291, 112, 'project:cleared:see', 1),
(292, 112, 'project:cleared:see', 2),
(293, 112, 'project:cleared:see', 3),
(294, 112, 'project:done:see', 1),
(295, 112, 'project:done:see', 2),
(296, 112, 'project:done:see', 3),
(297, 112, 'project:progress:see', 1),
(298, 112, 'project:progress:see', 2),
(299, 112, 'project:progress:see', 3),
(300, 112, 'project:planning:see', 1),
(301, 112, 'project:planning:see', 2),
(302, 112, 'project:planning:see', 3),
(303, 112, 'project:seeAll', 2),
(304, 112, 'project:seeAll', 3),
(305, 112, 'project:seeOwn', 1),
(306, 112, 'project:seeOwn', 2),
(307, 112, 'project:seeOwn', 3),
(308, 112, 'general:area', 1),
(309, 112, 'general:area', 2),
(310, 112, 'general:area', 3),
(311, 112, 'general:use', 1),
(312, 112, 'general:use', 3),
(313, 112, 'general:use', 2),
(314, 104, 'general:use', 3),
(315, 105, 'comment:sendAsEmail', 1),
(316, 105, 'comment:deleteOwn', 3),
(317, 105, 'general:use', 3),
(318, 105, 'general:use', 2),
(319, 105, 'general:use', 1),
(320, 100, 'general:use', 2),
(321, 100, 'general:use', 1),
(322, 100, 'comment:seeAll', 2),
(323, 100, 'comment:editOwn', 2),
(324, 100, 'comment:editOwn', 1),
(325, 100, 'comment:editAll', 2),
(326, 100, 'comment:requestFeedback', 2),
(327, 100, 'comment:requestFeedback', 1),
(328, 100, 'comment:sendAsEmail', 2),
(329, 100, 'comment:sendAsEmail', 1),
(330, 100, 'comment:deleteOwn', 2),
(331, 100, 'comment:deleteOwn', 1),
(332, 100, 'comment:makePublic', 2),
(333, 100, 'comment:makePublic', 1),
(334, 104, 'mailing:sendAsEmail', 3),
(335, 104, 'mailing:sendAsEmail', 2),
(336, 104, 'reminders:popup', 3),
(337, 104, 'reminders:popup', 2),
(338, 104, 'reminders:email', 3),
(339, 104, 'reminders:email', 2),
(340, 104, 'ical_token:personal', 3),
(341, 104, 'ical_token:personal', 2),
(342, 104, 'ical_token:freebusy', 3),
(343, 104, 'ical_token:freebusy', 2),
(344, 105, 'comment:sendAsEmail', 2),
(345, 106, 'relation:seeHomeAddress', 1),
(346, 106, 'relation:seeBusinessAddress', 3),
(347, 106, 'relation:seeBusinessAddress', 2),
(348, 106, 'relation:seeBusinessAddress', 1),
(349, 106, 'relation:seeBillingAddress', 3),
(350, 106, 'relation:seeBillingAddress', 2),
(351, 106, 'relation:seeBillingAddress', 1),
(352, 106, 'panelwidgets:staffSelector', 3),
(353, 106, 'panelwidgets:staffSelector', 2),
(354, 106, 'panelwidgets:staffSelector', 1),
(355, 106, 'panelwidgets:export', 3),
(356, 106, 'panelwidgets:export', 2),
(357, 112, 'edittaskdetail:open:changeto', 3),
(358, 112, 'edittaskdetail:open:changeto', 2),
(359, 112, 'edittaskdetail:open:changeto', 1),
(360, 112, 'edittaskdetail:progress:changeto', 3),
(361, 112, 'edittaskdetail:progress:changeto', 2),
(362, 112, 'edittaskdetail:progress:changeto', 1),
(363, 112, 'edittaskdetail:confirm:changeto', 3),
(364, 112, 'edittaskdetail:confirm:changeto', 2),
(365, 112, 'edittaskdetail:confirm:changeto', 1),
(366, 112, 'edittaskdetail:done:changeto', 3),
(367, 112, 'edittaskdetail:done:changeto', 2),
(368, 112, 'edittaskdetail:done:changeto', 1),
(369, 112, 'edittaskdetail:accepted:changeto', 3),
(370, 112, 'edittaskdetail:accepted:changeto', 2),
(371, 112, 'edittaskdetail:accepted:changeto', 1),
(372, 112, 'edittaskdetail:rejected:changeto', 3),
(373, 112, 'edittaskdetail:rejected:changeto', 2),
(374, 112, 'edittaskdetail:rejected:changeto', 1),
(375, 112, 'edittaskdetail:cleared:changeto', 3),
(376, 112, 'edittaskdetail:cleared:changeto', 2),
(377, 112, 'edittaskdetail:cleared:changeto', 1),
(378, 112, 'deletetask:deleteOwnTasks', 3),
(379, 112, 'deletetask:deleteOwnTasks', 2),
(380, 112, 'deletetask:deleteTaskInOwnProjects', 3),
(381, 112, 'deletetask:deleteTaskInOwnProjects', 2),
(382, 112, 'deletetask:deleteTaskInAllProjects', 3),
(383, 112, 'deletetask:deleteTaskInAllProjects', 2),
(384, 112, 'deletetask:deleteOwnContainers', 3),
(385, 112, 'deletetask:deleteOwnContainers', 2),
(386, 112, 'deletetask:deleteContainerInOwnProjects', 3),
(387, 112, 'deletetask:deleteContainerInOwnProjects', 2),
(388, 112, 'deletetask:deleteContainerInAllProjects', 3),
(389, 112, 'deletetask:deleteContainerInAllProjects', 2),
(390, 112, 'export:taskcsv', 3),
(391, 112, 'export:taskcsv', 2),
(392, 112, 'export:projectcsv', 3),
(393, 112, 'export:projectcsv', 2),
(394, 118, 'general:allrecords', 3),
(395, 118, 'general:allrecords', 2);